question,ground_truth,predicted,is_accurate,semantic_score,is_hallucinating,explanation_and_medication
Which of the following is not true for myelinated nerve fibers:,A,D,False,0.86,False,"The correct answer is B) Myelinated fibers are more resistant to damage than unmyelinated fibers. This is because myelination provides insulation around the axon of a neuron, which helps to protect it from damage and allows for faster conduction of nerve impulses."
Which of the following is not true about glomerular capillaries'),A,A,True,0.6,True,Glomerular capillaries are part of the glomerulus in the kidney. The glomerulus is a structure composed of three layers of specialized cells that filter blood from the renal artery to form the primary urine. The glomerular capillary layer is the innermost layer of the glomerulus and is responsible for filtering fluid and nutrients from the blood.
A 29 yrs old woman with a pregnancy of 17 week has a 10 years old boy with down syndrome. She does not want another down syndrome kid; best advice to her is,B,A,False,1.0,False,"The selected answer is (A) No test is required now as her age is below 35 years. This is because the risk of having a child with Down syndrome in a woman under 35 years old is low, and there is no need for prenatal testing unless there are other risk factors present."
Axonal transport is:,B,B,True,0.57,True,"The correct answer is B) retrograde. Axonal transport refers to the movement of cargo along microtubules within neurons. It occurs in both directions: anterograde (from cell body to axon terminals) and retrograde (from axon terminals to cell body). Retrograde axonal transport is important for the delivery of signaling molecules from synapses back to the cell body, where they can modulate gene expression. This process plays a key role in neuronal plasticity and adaptation, as well as in the regulation of synaptic transmission."
Low insulin to glucagon ratio is seen in all of these except:,A,B,False,0.43,True,"The low insulin-to-glucagon ratio indicates a high level of glucagon secretion from alpha cells in response to hypoglycemia. Glucagon stimulates glycogenolysis and gluconeogenesis, leading to increased blood glucose levels. Glycogen breakdown is not affected by insulin or glucagon levels, so it is not affected by the low insulin-to-glucagon ratio."
Concentration of tropicamide:,A,A,True,0.6,True,"Tropicamide is a non-competitive cholinergic muscarinic receptor antagonist that causes mydriasis by blocking the parasympathetic innervation of the iris sphincter muscle. The correct answer is A) 0.01, which is the recommended concentration for use in adults. Tropicamide eye drops are commonly used to treat meibomian gland dysfunction (MGD), a common cause of dry eye disease. MGD is characterized by obstruction of the oil-producing glands in the eyelids, leading to reduced tear film quality and evaporation. The use of 0.01% tropicamide can help clear the meibomian gland orifices, allowing for better expression of the trapped oils and improving tear film quality. However, it is important to note that tropicamide should not be used in patients with angle-closure glaucoma, as it may cause a significant rise in intraocular pressure."
Which of the following statements is true regarding H I N1 Influenza?,A,A,True,1.0,False,"The correct statement is (A) Pregnant woman with sore throat can be staed immediately on oseltamivir without diagnostic testing under category B. This is because H1N1 influenza infection in pregnant women can lead to severe illness and complications, such as pneumonia or respiratory failure. Oseltamivir is an antiviral medication that works by inhibiting the neuraminidase enzyme of the influenza virus, which is responsible for viral replication and spread. It is recommended to start oseltamivir treatment as soon as possible after the onset of symptoms, ideally within 48 hours of symptom onset. In pregnant women with suspected H1N1 influenza infection, it may be appropriate to initiate antiviral treatment without diagnostic testing if there is a high suspicion for influenza based on clinical presentation and epidemiological factors. However, it is important to monitor the patient closely for signs of disease progression and adjust management as needed based on the patient's response to treatment and disease course."
Which of the following are not a branch of external carotid Aery in Kiesselbach's plexus.,A,A,True,0.86,False,The sphenopalatine artery is not a branch of the external carotid artery in Kiesselbach's plexus. It is a branch of the internal maxillary artery. The sphenopalatine artery is also known as the descending palatine artery or the pterygomaxillary artery.
Diagnosis of the following ECG-,A,A,True,0.86,False,"The patient's ECG shows a pattern of alternating normal sinus rhythm (NSR) and premature ventricular contraction (PVC). PVCs are ventricular ectopic beats that originate from outside the sinoatrial node. They can occur sporadically or in runs, but they are usually not sustained for more than a few beats. The patient's ECG shows alternating NSR and PVCs, which is known as ventricular bigeminy."
A blue new born presents with cyanosis. The X–ray chest reveal oligaemic lung field and normal sized heart. Most likely diagnosis is –,A,A,True,0.5,True,"The correct answer is B) Ebstein's anomaly. Ebstein's anomaly is a rare congenital heart defect in which the tricuspid valve does not fully develop, resulting in a downward displacement of the tricuspid annulus and an enlargement of the right atrium. This can lead to cyanosis and hypoxemia in newborns. The X-ray chest reveals oligemic lung fields and normal sized heart, which is consistent with Ebstein's anomaly. Treatment for Ebstein's anomaly typically involves surgery to repair or replace the tricuspid valve."
SUMMARY_METRICS,,,Accuracy: 70.00%,,Hallucination Rate: 50.00%,
